Year,Month,State,Primary Mode,Etiology,Serotype or Genotype,Etiology Status,Setting,Illnesses,Hospitalizations,Info on Hospitalizations,Deaths,Info on Deaths,Food Vehicle,Food Contaminated Ingredient,IFSAC Category,Water Exposure,Water Type,Animal Type,Animal Type Specify,Water Status
2012,1,New York,Food,Campylobacter jejuni,,Suspected,Restaurant - Sit-down dining,9,0,9,0,9,,,,,,,,
2012,1,Ohio,Animal Contact,Campylobacter unknown,,Confirmed,,3,0,3,0,3,,,,,,Dog or Puppy,"Dog, puppy",
2012,1,Ohio,Food,Campylobacter unknown,,Suspected,Restaurant - Sit-down dining,3,0,3,0,3,,,,,,,,
2012,1,New York,Food,Campylobacter jejuni,,Confirmed,Other,6,2,2,0,6,"milk, whole milk unpasteurized",milk,Dairy,,,,,
2012,1,South Carolina,Indeterminate/Other/Unknown,Campylobacter jejuni,,Suspected,,4,0,4,0,4,,,,,,,,
2012,1,Pennsylvania,Food,Campylobacter other,,Confirmed,Other,2,0,2,0,2,"milk, whole milk unpasteurized",,Dairy,,,,,
2012,3,Pennsylvania,Indeterminate/Other/Unknown,Campylobacter unknown,,Suspected,,6,0,6,0,6,,,,,,,,
2012,2,Colorado,Food,Campylobacter jejuni,,Suspected,Restaurant - Sit-down dining,3,1,3,0,3,liver,"liver, beef",Beef,,,,,
2012,3,Texas,Indeterminate/Other/Unknown,Campylobacter other,,Confirmed,,17,0,0,0,0,,,,,,,,
2012,4,Pennsylvania,Indeterminate/Other/Unknown,Campylobacter jejuni,,Confirmed,,2,0,2,0,2,,,,,,,,
2012,5,Minnesota,Food,Campylobacter jejuni,,Confirmed,Other,7,0,7,0,7,"milk, whole milk unpasteurized","milk, whole milk unpasteurized",Dairy,,,,,
2012,5,Ohio,Food,Campylobacter jejuni,,Confirmed,Private home/residence,15,1,15,0,15,"ground beef, hamburger; tea; dessert, strawberry",,Multiple,,,,,
2012,5,Ohio,Animal Contact,Campylobacter unknown,,Confirmed,,27,6,24,0,27,,,,,,Other poultry,Chicken,
2012,5,Maryland,Indeterminate/Other/Unknown,Campylobacter jejuni,,Confirmed,,3,0,3,0,3,,,,,,,,
2012,4,Maryland,Food,Campylobacter jejuni,,Confirmed,Restaurant - Sit-down dining,11,2,8,0,11,"pate, chicken liver","liver, chicken",Chicken,,,,,
2012,3,South Carolina,Indeterminate/Other/Unknown,Campylobacter jejuni,,Suspected,,9,0,9,0,9,,,,,,,,
2012,5,Pennsylvania,Indeterminate/Other/Unknown,Campylobacter jejuni,,Confirmed,,2,0,2,0,2,,,,,,,,
2012,5,Pennsylvania,Indeterminate/Other/Unknown,Campylobacter unknown; Salmonella unknown,,Confirmed; Confirmed,,3,0,3,0,3,,,,,,,,
2012,6,Iowa,Food,Campylobacter unknown,,Confirmed,Other,5,0,5,0,5,"milk, whole milk unpasteurized",,Dairy,,,,,
2012,5,North Carolina,Animal Contact,Campylobacter jejuni,,Confirmed,,4,1,4,0,4,,,,,,Other (specify); Other (specify),Llamas; Ponies,
2012,7,Ohio,Food,Campylobacter jejuni; Campylobacter unknown,,Suspected; Confirmed,Caterer (food prepared off-site from where served),21,1,21,0,21,,,,,,,,
2012,6,Pennsylvania,Person-to-person,Campylobacter jejuni,,Suspected,Private home/residence,2,1,2,0,2,,,,,,,,
2012,7,Ohio,Food,Campylobacter unknown,,Confirmed,Caterer (food prepared off-site from where served),24,1,24,0,24,,,,,,,,
2012,5,California,Food,Campylobacter unknown,,Confirmed,Prison/jail,6,0,6,0,6,,,,,,,,
2012,7,Pennsylvania,Food,Campylobacter jejuni,,Confirmed,Other,3,0,3,0,3,"milk, whole milk unpasteurized",,Dairy,,,,,
2012,7,Ohio,Food,Campylobacter unknown; Campylobacter jejuni,,Confirmed; Suspected,Caterer (food prepared off-site from where served),51,2,51,0,51,fruit salad,,Multiple,,,,,
2012,5,California,Food,Campylobacter jejuni,,Confirmed,Unknown,12,0,12,0,12,,,,,,,,
2012,6,Tennessee,Food,Campylobacter unknown,,Suspected,"Restaurant - ""Fast-food""(drive up service or pay at counter)",15,0,15,0,15,"salad, unspecified",,Multiple,,,,,
2012,7,Minnesota,Food,Campylobacter jejuni,,Confirmed,Private home/residence,8,0,8,0,8,,,,,,,,
2012,8,Minnesota,Animal Contact,Campylobacter jejuni,,Confirmed,,2,0,2,0,2,,,,,,Other poultry,Turkey,
2012,8,Ohio,Food,Campylobacter unknown,,Suspected,Private home/residence,4,0,2,0,4,,,,,,,,
2012,6,Iowa,Food,Campylobacter jejuni,,Confirmed,Caterer (food prepared off-site from where served),3,1,3,0,3,,,,,,,,
2012,6,Pennsylvania,Person-to-person,Campylobacter unknown,,Confirmed,Child day care,3,1,3,0,3,,,,,,,,
2012,3,California,Food,Campylobacter jejuni,,Confirmed,,11,0,11,0,11,"chicken, other",,Chicken,,,,,
2012,8,Ohio,Food,Campylobacter jejuni,,Confirmed,Private home/residence,2,0,2,0,2,"milk, whole milk unpasteurized",,Dairy,,,,,
2012,8,Ohio,Food,Campylobacter unknown,,Suspected,Private home/residence,4,0,4,0,4,"milk, whole milk unpasteurized",,Dairy,,,,,
2012,8,Pennsylvania,Indeterminate/Other/Unknown,Campylobacter unknown,,Confirmed,,2,0,2,0,2,,,,,,,,
2012,5,Alaska,Animal Contact,Campylobacter jejuni,,Confirmed,,2,0,2,0,2,,,,,,Baby chick or duckling; Other poultry,"Chick, baby chick; Chicken",
2012,5,Utah,Animal Contact,Campylobacter jejuni,,Confirmed,,22,5,20,0,21,,,,,,"Bird, not including poultry",Baby quail,
2012,5,Utah,Food,Campylobacter jejuni,,Confirmed,,7,0,4,0,7,,,,,,,,
2012,2,Utah,Indeterminate/Other/Unknown,Campylobacter jejuni,,Confirmed,,3,2,2,0,3,,,,,,,,
2012,3,Utah,Food,Campylobacter jejuni,,Suspected,Other,2,0,1,0,1,cheese curds,raw milk,Dairy,,,,,
2012,2,Utah,Food,Campylobacter jejuni,,Confirmed,Farm/dairy,8,0,3,0,3,"milk, unpasteurized","milk, unpasteurized",Dairy,,,,,
2012,9,Michigan,Indeterminate/Other/Unknown,Campylobacter jejuni,,Confirmed,,2,0,2,0,2,,,,,,,,
2012,9,Kentucky,Food,Campylobacter jejuni,,Confirmed,Religious facility,3,1,3,0,3,,,,,,,,
2012,9,Alaska,Person-to-person,Campylobacter unknown,,Confirmed,,2,2,2,0,2,,,,,,,,
2012,10,Oregon,Food,Campylobacter jejuni,,Confirmed,Private home/residence,9,0,9,0,9,chicken liver pate,"liver, chicken",Chicken,,,,,
2012,9,Oregon,Animal Contact,Campylobacter jejuni,,Confirmed,,3,0,3,0,3,,,,,,Dog or Puppy,"Dog, puppy",
2012,9,Minnesota,Food,Campylobacter jejuni,,Confirmed,Restaurant - Sit-down dining,9,1,9,0,9,,,,,,,,
2012,10,Pennsylvania,Indeterminate/Other/Unknown,Campylobacter jejuni,,Suspected,,5,0,5,0,5,,,,,,,,
2012,7,Kentucky,Environmental contamination other than food/water,Campylobacter jejuni,,Confirmed,,5,0,5,0,5,,,,,,,,
2012,7,Colorado,Indeterminate/Other/Unknown,"Escherichia coli, Shiga toxin-producing; Campylobacter jejuni",O26; ,Suspected; Confirmed,,3,1,3,0,3,,,,,,,,
2012,10,Pennsylvania,Person-to-person,Campylobacter unknown,,Suspected,Private home/residence,8,0,8,0,8,,,,,,,,
2012,11,Pennsylvania,Food,Campylobacter jejuni,,Confirmed,Private home/residence,10,0,10,0,10,"milk, whole milk unpasteurized","milk, whole milk unpasteurized",Dairy,,,,,
2012,12,South Carolina,Indeterminate/Other/Unknown,Campylobacter jejuni,,Suspected,,7,0,7,0,7,,,,,,,,
2012,6,Utah,Food,Campylobacter jejuni,,Confirmed,Farm/dairy,12,0,7,0,9,"milk, unpasteurized","milk, unpasteurized",Dairy,,,,,
2012,12,Utah,Person-to-person,Campylobacter jejuni,,Suspected,Long-term care/nursing home/assisted living facility,4,0,4,0,4,,,,,,,,
2012,11,Pennsylvania,Indeterminate/Other/Unknown,Campylobacter unknown,,Suspected,,4,0,4,0,4,,,,,,,,
2012,12,Massachusetts,Food,Campylobacter jejuni,,Confirmed,Other,3,3,3,0,3,,,,,,,,
2012,1,California,Food,Campylobacter jejuni,,Confirmed,Other,33,2,33,0,33,milk,raw milk,Dairy,,,,,
2012,7,Kansas,Indeterminate/Other/Unknown,Campylobacter jejuni,,Confirmed,,4,1,4,0,4,,,,,,,,
2012,9,West Virginia,Indeterminate/Other/Unknown,Campylobacter unknown,,Suspected,,3,0,0,0,0,,,,,,,,
2013,2,Ohio,Person-to-person,Norovirus Genogroup II; Campylobacter unknown,GII.2; ,Confirmed; Suspected,Child day care,4,0,4,0,4,,,,,,,,
2013,1,Pennsylvania,Food,Campylobacter jejuni,,Confirmed,Private home/residence,2,0,2,0,2,"milk, whole milk unpasteurized","milk, whole milk unpasteurized",Dairy,,,,,
2012,1,Wisconsin,Food,Campylobacter jejuni,,Confirmed,Unknown,8,0,8,0,8,,,,,,,,
2012,11,Colorado,Food,Campylobacter jejuni,,Suspected,School/college/university,4,1,4,0,4,,,,,,,,
2013,2,New York,Food,Campylobacter jejuni,,Confirmed,Restaurant - Sit-down dining,10,0,2,0,10,,,,,,,,
2013,2,Pennsylvania,Person-to-person,Campylobacter coli,,Suspected,Private home/residence,2,0,2,0,2,,,,,,,,
2013,3,Iowa,Person-to-person,Norovirus unknown; Campylobacter,,Confirmed; Suspected,Event space,16,0,16,0,16,,,,,,,,
2013,1,Alaska,Food,Campylobacter coli,,Confirmed,Other,29,2,29,0,29,"milk, whole milk unpasteurized",milk,Dairy,,,,,
2013,3,Wyoming,Animal Contact,Campylobacter jejuni,,Suspected,,17,0,17,0,17,,,,,,Cattle; Cattle; Other (specify); Other (specify),"Cattle, calf; Cattle; Donkey; Horse",
2013,1,Connecticut,Food,Campylobacter jejuni; Salmonella enterica,Mbandaka,Confirmed; Confirmed,Other,7,1,7,0,7,"milk, whole milk unpasteurized","milk, whole milk unpasteurized",Dairy,,,,,
2012,6,Multistate,Food,Campylobacter jejuni,,Confirmed,Restaurant - Sit-down dining,6,1,4,0,0,"chicken, liver",,Chicken,,,,,
2013,2,Ohio,Food,Campylobacter jejuni,,Suspected,Private home/residence,2,0,0,0,2,"milk, whole milk unpasteurized","milk, whole milk unpasteurized",Dairy,,,,,
2013,3,Virginia,Food,Campylobacter jejuni,,Confirmed,Restaurant - Sit-down dining,14,0,14,0,14,"chicken, roasted; rice, fried rice",,Multiple,,,,,
2012,6,Pennsylvania,Food,Campylobacter,,Confirmed,Restaurant - Sit-down dining,4,0,4,0,4,"duck, other",,Other Poultry,,,,,
2013,4,New York,Food,Campylobacter jejuni,,Confirmed,Restaurant - Sit-down dining,20,0,20,0,20,"chicken, liver","liver, chicken",Chicken,,,,,
2013,3,Georgia,Indeterminate/Other/Unknown,Campylobacter jejuni,,Suspected,,19,0,19,0,19,,,,,,,,
2012,5,Wisconsin,Food,Salmonella enterica; Campylobacter jejuni,Dublin; ,Confirmed; Suspected,Private home/residence,21,5,21,0,21,"beef, laab raw; beef, intestine soup with vegetables; beef, laab cooked","beef, raw; beef; beef",Beef,,,,,
2013,3,Montana,Animal Contact,Campylobacter other,,Confirmed,,3,1,3,0,3,,,,,,Dog or Puppy,"Dog, puppy",
2013,4,Pennsylvania,Indeterminate/Other/Unknown,Campylobacter jejuni,,Confirmed,,2,0,2,0,2,,,,,,,,
2013,4,Pennsylvania,Indeterminate/Other/Unknown,Campylobacter,,Suspected,,2,0,2,0,2,,,,,,,,
2013,4,Montana,Animal Contact,Campylobacter coli,,Suspected,,3,0,3,0,3,,,,,,Cattle,"Cattle, calf",
2013,5,Rhode Island,Food,Campylobacter coli,,Suspected,Restaurant - Sit-down dining,2,1,2,0,2,"chicken, liver mousse",,Multiple,,,,,
2013,5,Alaska,Food,Campylobacter jejuni,,Confirmed,,5,1,5,0,5,milk,,Dairy,,,,,
2013,5,Ohio,Animal Contact,Campylobacter jejuni,,Confirmed,,11,0,9,0,9,,,,,,Dog or Puppy,"Dog, puppy",
2013,6,New York,Food,Campylobacter jejuni,,Confirmed,Restaurant - Sit-down dining,57,1,57,0,57,foie gras hamburger,"liver, goose",Other Poultry,,,,,
2013,6,Minnesota,Food,Campylobacter jejuni,,Confirmed,Other,6,0,6,0,6,"milk, unpasteurized",,Dairy,,,,,
2013,6,Alaska,Indeterminate/Other/Unknown,Campylobacter,,Suspected,,3,0,3,0,3,,,,,,,,
2013,4,Pennsylvania,Food,Campylobacter jejuni,,Confirmed,Other,8,0,8,0,8,"milk, whole milk unpasteurized","milk, whole milk unpasteurized",Dairy,,,,,
2013,7,Pennsylvania,Indeterminate/Other/Unknown,Campylobacter unknown,,Confirmed,"Other, specify",10,0,10,0,10,,,,,,,,
2013,7,Pennsylvania,Person-to-person,Campylobacter jejuni,,Confirmed,Private home/residence,2,0,2,0,2,,,,,,,,
2012,1,Multistate,Food,Campylobacter jejuni,,Confirmed,Other,148,9,89,0,129,"milk, whole milk unpasteurized",,Dairy,,,,,
2013,6,Pennsylvania,Person-to-person,Campylobacter unknown,,Suspected,,2,0,2,0,2,,,,,,,,
2013,7,Pennsylvania,Indeterminate/Other/Unknown,Campylobacter unknown,,Suspected,,3,0,3,0,3,,,,,,,,
2013,6,Kentucky,Indeterminate/Other/Unknown,Campylobacter,,Confirmed,Long-term care/nursing home/assisted living facility,3,0,0,0,0,,,,,,,,
2013,6,Alaska,Environmental contamination other than food/water,Campylobacter jejuni,,Confirmed,,6,1,5,0,5,,,,,,,,
2013,7,Pennsylvania,Food,Campylobacter,,Confirmed,Restaurant - Sit-down dining,7,2,7,0,7,,,,,,,,
2013,7,Ohio,Food,Campylobacter unknown,,Suspected,Restaurant - other or unknown type,4,0,4,0,4,kitfo,,Multiple,,,,,
2013,7,Minnesota,Indeterminate/Other/Unknown,Campylobacter jejuni,,Suspected,Restaurant,3,0,3,0,3,,,,,,,,
2012,5,Idaho,Water,Campylobacter unknown; Giardia unknown,,Confirmed; Confirmed,Community/Municipality,7,0,6,0,7,,,,Drinking water,Community,,,Reviewed
2013,7,Pennsylvania,Indeterminate/Other/Unknown,Campylobacter jejuni,,Confirmed,Camp,8,0,8,0,8,,,,,,,,
2013,8,Pennsylvania,Indeterminate/Other/Unknown,Campylobacter unknown,,Confirmed,Private home/residence,2,2,2,0,2,,,,,,,,
2013,7,Ohio,Food,Campylobacter unknown,,Suspected,Grocery store,6,0,6,0,6,,,,,,,,
2013,8,Tennessee,Food,Salmonella enterica; Campylobacter jejuni,Enteritidis; ,Confirmed; Confirmed,School/college/university,24,1,24,0,24,ground chicken,chicken,Chicken,,,,,
2013,8,Arkansas,Food,Campylobacter jejuni,,Suspected,"Restaurant - ""Fast-food""(drive up service or pay at counter)",2,1,2,0,2,,,,,,,,
2013,7,Pennsylvania,Indeterminate/Other/Unknown,Campylobacter jejuni,,Confirmed,Private home/residence,2,1,2,0,2,,,,,,,,
2013,8,Pennsylvania,Animal Contact,Campylobacter,,Confirmed,,2,0,2,0,2,,,,,,Cattle,"Cattle, calf",
2013,9,Ohio,Indeterminate/Other/Unknown,Campylobacter jejuni,,Confirmed,Private home/residence,15,1,3,0,3,,,,,,,,
2013,6,Minnesota,Animal Contact,Campylobacter jejuni,,Confirmed,,18,0,18,0,18,,,,,,Other (specify),Raccoon,
2013,8,Pennsylvania,Food,Campylobacter,,Suspected,Restaurant - Sit-down dining,2,1,2,0,2,,,,,,,,
2013,8,Pennsylvania,Indeterminate/Other/Unknown,Campylobacter,,Confirmed,Private home/residence,2,0,2,0,2,,,,,,,,
2013,9,Pennsylvania,Indeterminate/Other/Unknown,Campylobacter jejuni,,Confirmed,Private home/residence,2,2,2,0,2,,,,,,,,
2013,10,Ohio,Animal Contact,Salmonella enterica; Campylobacter,Typhimurium; ,Confirmed; Confirmed,,6,0,6,0,6,,,,,,Dog or Puppy,"Dog, puppy",
2013,8,Utah,Food,Campylobacter jejuni,,Confirmed,Other,26,1,26,0,26,"milk, unpasteurized","milk, unpasteurized",Dairy,,,,,
2013,10,Pennsylvania,Indeterminate/Other/Unknown,Campylobacter jejuni,,Confirmed,Private home/residence,2,0,2,0,2,,,,,,,,
2013,7,West Virginia,Person-to-person,Campylobacter unknown,,Confirmed,Office/indoor workplace,7,0,7,0,7,,,,,,,,
2013,10,Minnesota,Indeterminate/Other/Unknown,Campylobacter jejuni,,Suspected,,3,0,3,0,3,,,,,,,,
2013,10,Ohio,Food,Campylobacter; Cryptosporidium,,Suspected; Suspected,Other,9,1,5,0,9,"milk, whole milk unpasteurized","milk, whole milk unpasteurized",Dairy,,,,,
2013,10,New York,Food,Campylobacter jejuni,,Suspected,Restaurant - Sit-down dining,3,2,3,0,3,,,,,,,,
2013,10,Tennessee,Indeterminate/Other/Unknown,Campylobacter jejuni,,Suspected,,3,0,3,0,3,,,,,,,,
2013,7,Colorado,Food,Campylobacter,,Confirmed,Prison/jail,4,0,4,0,4,milk/cream,,Dairy,,,,,
2013,8,Alaska,Animal Contact,Campylobacter jejuni,,Confirmed,,5,1,4,0,4,,,,,,Other poultry,Chicken,
2013,9,Washington,Food,Campylobacter unknown,,Confirmed,Caterer (food prepared off-site from where served),8,0,8,0,8,,,,,,,,
2013,11,New York,Food,Campylobacter,,Confirmed,Restaurant - Sit-down dining,2,1,2,0,2,duck,duck,Other Poultry,,,,,
2013,11,Arkansas,Person-to-person,Campylobacter jejuni,,Suspected,Private home/residence,4,0,3,0,3,,,,,,,,
2013,6,Washington,Food,Campylobacter unknown,,Confirmed,Restaurant - Sit-down dining,2,2,2,0,2,,,,,,,,
2013,11,Pennsylvania,Indeterminate/Other/Unknown,Campylobacter jejuni,,Confirmed,Private home/residence,3,1,3,0,3,,,,,,,,
2013,11,Pennsylvania,Indeterminate/Other/Unknown,Campylobacter unknown,,Confirmed,Private home/residence,2,0,2,0,2,,,,,,,,
2013,10,California,Food,Campylobacter jejuni,,Confirmed,,21,3,21,0,21,"fish, codfish",,Fish,,,,,
2013,8,Massachusetts,Indeterminate/Other/Unknown,Campylobacter jejuni,,Confirmed,"Other, specify",2,0,2,0,2,,,,,,,,
2014,1,Oregon,Food,Campylobacter coli,,Confirmed,Restaurant - Sit-down dining,5,3,5,0,5,oysters,oysters,Mollusks,,,,,
2013,9,Colorado,Indeterminate/Other/Unknown,Campylobacter,,Suspected,Child day care,8,0,8,0,8,,,,,,,,
2014,1,Pennsylvania,Food,Campylobacter unknown,,Confirmed,Other,2,0,2,0,2,raw milk,,Dairy,,,,,
2013,11,Indiana,Food,Campylobacter,,Confirmed,,3,3,3,0,3,,,,,,,,
2013,4,Colorado,Food,Campylobacter jejuni,,Confirmed,Other,32,1,32,0,32,"milk, unpasteurized","milk, whole milk unpasteurized",Dairy,,,,,
2013,7,New Hampshire,Person-to-person,Campylobacter unknown,,Suspected,Long-term care/nursing home/assisted living facility,9,0,9,0,9,,,,,,,,
2013,10,Maryland,Animal Contact,Campylobacter coli,,Confirmed,"Other, specify",2,0,2,0,2,,,,,,Cattle,"Cattle, calf",
2013,6,Maryland,Food,Campylobacter coli; Campylobacter jejuni,,Confirmed; Suspected,Restaurant - Sit-down dining,4,0,4,0,4,,,,,,,,
2014,1,Pennsylvania,Indeterminate/Other/Unknown,Campylobacter,,Suspected,Private home/residence,2,0,2,0,2,,,,,,,,
2014,3,Florida,Food,Campylobacter unknown,,Suspected,Private home/residence,2,0,2,0,2,dairy,"queso fresco, unpasteurized; milk, unpasteurized",Dairy,,,,,
2014,3,Utah,Food,Campylobacter jejuni,,Confirmed,Other,19,0,19,0,19,"milk, unpasteurized",milk,Dairy,,,,,
2014,2,Utah,Animal Contact,Campylobacter other; Campylobacter coli,,Confirmed; Confirmed,,6,0,6,0,6,,,,,,Sheep or goats,"Sheep, lamb",
2014,3,Utah,Indeterminate/Other/Unknown,Campylobacter other; Campylobacter other,,Confirmed; Confirmed,"Other, specify",2,0,2,0,2,,,,,,,,
2014,3,Pennsylvania,Indeterminate/Other/Unknown,Campylobacter,,Suspected,Private home/residence,5,0,5,0,5,,,,,,,,
2014,4,Pennsylvania,Indeterminate/Other/Unknown,Campylobacter,,Suspected,Private home/residence,3,0,3,0,3,,,,,,,,
2014,5,Minnesota,Food,Campylobacter jejuni,,Confirmed,Private home/residence,9,2,9,0,9,raw milk,raw milk,Dairy,,,,,
2014,5,Maryland,Food,Campylobacter jejuni; Campylobacter coli,,Confirmed; Confirmed,Restaurant - Sit-down dining,4,0,4,0,4,"pate, chicken liver","liver, chicken",Chicken,,,,,
2014,5,Pennsylvania,Animal Contact,Campylobacter unknown,,Confirmed,,3,0,3,0,3,,,,,,Other poultry,Duck,
2014,7,New York,Food,Campylobacter jejuni,,Confirmed,Other,8,0,8,0,8,raw milk,raw milk,Dairy,,,,,
2014,6,Florida,Food,Campylobacter,,Suspected,Restaurant - Sit-down dining,4,1,4,0,4,,,,,,,,
2014,5,Pennsylvania,Person-to-person,Campylobacter,,Suspected,Private home/residence,2,0,2,0,2,,,,,,,,
2014,6,Pennsylvania,Indeterminate/Other/Unknown,Campylobacter unknown,,Suspected,Private home/residence,2,0,2,0,2,,,,,,,,
2014,7,Ohio,Indeterminate/Other/Unknown,Campylobacter jejuni,,Suspected,"Other, specify",2,0,2,0,2,,,,,,,,
2014,6,Ohio,Animal Contact,"Campylobacter; Salmonella enterica; Escherichia coli, Shiga toxin-producing",Typhimurium; O111,Confirmed; Confirmed; Confirmed,,6,1,6,0,6,,,,,,Cattle,"Cattle, calf",
2014,6,Montana,Indeterminate/Other/Unknown,Campylobacter jejuni,,Confirmed,"Other, specify",6,0,6,0,6,,,,,,,,
2014,6,Kansas,Animal Contact,Campylobacter lari; Campylobacter jejuni,,Suspected; Confirmed,,6,0,6,0,6,,,,,,Cattle,Cattle,
2014,6,Texas,Food,Campylobacter,,Suspected,Private home/residence,6,0,0,0,0,,,,,,,,
2014,5,Utah,Food,Campylobacter jejuni,,Confirmed,Other,99,10,99,1,99,"milk, whole milk unpasteurized","milk, whole milk unpasteurized",Dairy,,,,,
2014,7,Ohio,Food,Campylobacter unknown,,Suspected,Private home/residence,3,0,3,0,3,"milk, unpasteurized",,Dairy,,,,,
2014,7,Ohio,Food,Campylobacter,,Confirmed,Private home/residence,2,0,2,0,2,raw ground beef,,Beef,,,,,
2014,6,Texas,Food,Campylobacter jejuni,,Confirmed,Banquet Facility (food prepared and served on-site),30,1,30,0,30,fettuccine alfredo,"chicken; onion; shrimp; squash, yellow; zucchini",Multiple,,,,,
2014,8,Minnesota,Indeterminate/Other/Unknown,Campylobacter jejuni,,Confirmed,Child day care,4,0,4,0,4,,,,,,,,
2014,8,Pennsylvania,Indeterminate/Other/Unknown,Campylobacter jejuni,,Suspected,Private home/residence,2,0,2,0,2,,,,,,,,
2014,8,Ohio,Indeterminate/Other/Unknown,Campylobacter,,Suspected,Child day care,9,0,9,0,9,,,,,,,,
2014,8,Pennsylvania,Indeterminate/Other/Unknown,Campylobacter jejuni,,Confirmed,Private home/residence,2,1,2,0,2,,,,,,,,
2014,9,Pennsylvania,Indeterminate/Other/Unknown,Campylobacter,,Suspected,Private home/residence,2,0,2,0,2,,,,,,,,
2014,8,Iowa,Food,Campylobacter jejuni,,Confirmed,Private home/residence,5,1,5,0,5,chicken,,Chicken,,,,,
2014,9,Wisconsin,Water,Campylobacter jejuni,,Confirmed,Private Residence,5,0,5,0,5,,,,Drinking water,Individual/Private,,,Reviewed
2014,8,Massachusetts,Food,Campylobacter jejuni; Salmonella enterica,Enteritidis,Confirmed; Confirmed,Restaurant - Sit-down dining,5,0,5,0,5,chicken liver pate,"liver, chicken",Chicken,,,,,
2014,8,Massachusetts,Food,Campylobacter jejuni,,Confirmed,Other,4,1,4,0,4,,,,,,,,
2014,9,Pennsylvania,Indeterminate/Other/Unknown,Campylobacter unknown,,Suspected,Private home/residence,2,0,2,0,2,,,,,,,,
2014,9,Wisconsin,Food,"Campylobacter jejuni; Escherichia coli, Shiga toxin-producing; Giardia",unknown; ,Confirmed; Confirmed; Suspected,Private home/residence,38,10,38,0,38,"milk, whole milk unpasteurized",,Dairy,,,,,
2014,9,Florida,Food,Campylobacter jejuni,,Confirmed,Restaurant - Sit-down dining,5,0,5,0,5,tajine dishes,,Multiple,,,,,
2014,9,New York,Food,Campylobacter jejuni,,Confirmed,Restaurant - Sit-down dining,17,2,17,0,17,,,,,,,,
2014,9,Pennsylvania,Person-to-person,Campylobacter unknown,,Confirmed,Private home/residence,2,0,2,0,2,,,,,,,,
2014,9,Minnesota,Food,Campylobacter jejuni,,Confirmed,Restaurant - Sit-down dining,3,1,3,0,3,,,,,,,,
2014,8,Georgia,Indeterminate/Other/Unknown,Campylobacter unknown,,Suspected,School/college/university,40,0,40,0,40,,,,,,,,
2014,10,Connecticut,Food,Campylobacter jejuni,,Confirmed,Caterer (food prepared off-site from where served),17,1,17,0,17,potato salad,,Multiple,,,,,
2014,10,Pennsylvania,Food,Campylobacter unknown,,Suspected,Other,2,0,2,0,2,"milk, whole milk unpasteurized","milk, unpasteurized",Dairy,,,,,
2014,10,Connecticut,Food,Campylobacter jejuni,,Confirmed,Restaurant - Sit-down dining,3,0,3,0,3,duck,,Other Poultry,,,,,
2014,5,Arkansas,Person-to-person,Campylobacter jejuni,,Confirmed,Private home/residence,3,0,3,0,3,,,,,,,,
2014,11,Ohio,Food,Campylobacter jejuni,,Confirmed,Private home/residence,5,0,5,0,5,"turkey, baked",,Turkey,,,,,
2013,12,Oregon,Food,Campylobacter jejuni,,Confirmed,Restaurant - Sit-down dining,6,0,6,0,6,"pate, chicken liver",,Chicken,,,,,
2014,5,Oregon,Indeterminate/Other/Unknown,Campylobacter jejuni,,Confirmed,"Other, specify",3,,,0,3,,,,,,,,
2014,12,Oregon,Person-to-person,Campylobacter,,Suspected,Long-term care/nursing home/assisted living facility,5,,5,,5,,,,,,,,
2014,7,Oregon,Food,Campylobacter,,Confirmed,Restaurant - Sit-down dining,4,0,4,0,4,,,,,,,,
2014,10,Arizona,Food,Campylobacter jejuni,,Confirmed,Caterer (food prepared off-site from where served),40,3,40,0,40,,,,,,,,
2014,9,Arkansas,Person-to-person,Campylobacter unknown,,Suspected,Private home/residence,3,1,3,0,3,,,,,,,,
2014,11,Pennsylvania,Person-to-person,Campylobacter jejuni,,Confirmed,Private home/residence,2,0,2,0,2,,,,,,,,
2014,8,Oregon,Food,Campylobacter jejuni,,Confirmed,"Restaurant - ""Fast-food""(drive up service or pay at counter)",10,0,10,0,10,taco,,Multiple,,,,,
2014,6,Ohio,Animal Contact,Campylobacter unknown,,Suspected,,3,1,3,0,3,,,,,,Dog or Puppy,"Dog, puppy",
2014,12,Pennsylvania,Food,Campylobacter jejuni,,Confirmed,Private home/residence,3,0,3,0,3,"pate, chicken liver","liver, chicken",Chicken,,,,,
2014,8,California,Food,Campylobacter unknown,,Suspected,Restaurant - Sit-down dining,4,0,4,0,4,,,,,,,,
2014,11,Washington,Food,Campylobacter,,Confirmed,Long-term care/nursing home/assisted living facility,19,2,19,0,19,turkey,,Turkey,,,,,
2014,10,Washington,Food,Campylobacter jejuni,,Suspected,,8,0,6,0,6,vietnamese sandwich (chicken and bbq pork),,Multiple,,,,,
2015,2,Pennsylvania,Person-to-person,Campylobacter unknown,,Suspected,Private home/residence,6,0,6,0,6,,,,,,,,
2014,6,New Hampshire,Animal Contact,Campylobacter jejuni,,Confirmed,,3,0,3,0,3,,,,,,Other poultry,Chicken,
2014,6,New Jersey,Food,Campylobacter jejuni,,Confirmed,Restaurant - Sit-down dining,5,1,5,0,5,,,,,,,,
2015,2,Kansas,Indeterminate/Other/Unknown,Campylobacter unknown,,Suspected,Child day care,4,0,4,0,4,,,,,,,,
2012,7,California,Food,Campylobacter jejuni,,Confirmed,Restaurant - Sit-down dining,6,0,0,0,3,,,,,,,,
2014,9,Arizona,Food,Campylobacter jejuni,,Confirmed,"Fair, festival, other temp or mobile services",6,1,4,0,4,"apple cider, unpasteurized",,Fruits,,,,,
2015,4,Kansas,Person-to-person,Campylobacter unknown,,Confirmed,Child day care,2,0,2,0,2,,,,,,,,
2015,4,Virginia,Food,Campylobacter jejuni,,Confirmed,Restaurant - Sit-down dining; Caterer (food prepared off-site from where served),19,1,19,0,19,,,,,,,,
2015,5,Pennsylvania,Indeterminate/Other/Unknown,Campylobacter unknown,,Suspected,Private home/residence,2,0,2,0,2,,,,,,,,
2015,5,Ohio,Person-to-person,Campylobacter jejuni,,Suspected,Private home/residence,8,0,8,0,8,,,,,,,,
2015,3,Arkansas,Person-to-person,Campylobacter unknown,,Suspected,Private home/residence,3,0,3,0,3,,,,,,,,
2015,5,New York,Food,Campylobacter,,Confirmed,Caterer (food prepared off-site from where served),21,1,7,0,21,,,,,,,,
2015,4,Ohio,Food,Campylobacter jejuni,,Suspected,Restaurant - Sit-down dining,5,0,5,0,5,,,,,,,,
2015,5,Tennessee,Indeterminate/Other/Unknown,Campylobacter,,Suspected,Restaurant,4,1,4,0,4,,,,,,,,
2015,4,Texas,Food,Campylobacter unknown,,Suspected,,3,1,3,0,3,raw milk,,Dairy,,,,,
2015,4,Pennsylvania,Indeterminate/Other/Unknown,Campylobacter unknown,,Confirmed,Private home/residence,2,0,2,0,2,,,,,,,,
2013,1,New York,Person-to-person,Clostridium; Campylobacter,,Suspected; Suspected,,2,,,,,,,,,,,,
2015,5,Minnesota,Food,Campylobacter jejuni,,Confirmed,Private home/residence,13,1,11,0,13,,,,,,,,
2015,4,Wyoming,Animal Contact,"Escherichia coli, Enterotoxigenic; Cryptosporidium unknown; Campylobacter jejuni",unknown; ; ,Confirmed; Confirmed; Confirmed,,9,0,9,0,9,,,,,,Cattle,Cattle,
2015,6,Pennsylvania,Indeterminate/Other/Unknown,Campylobacter,,Suspected,Private home/residence,2,0,2,0,2,,,,,,,,
2015,6,Pennsylvania,Indeterminate/Other/Unknown,Campylobacter jejuni,,Confirmed,Private home/residence,2,0,2,0,2,,,,,,,,
2015,6,Ohio,Indeterminate/Other/Unknown,Campylobacter unknown,,Confirmed,Private home/residence,2,0,2,0,2,,,,,,,,
2015,5,Virginia,Water,Campylobacter jejuni,,Confirmed,Park - Community/Municipal,4,0,4,0,4,,,,Recreational water -- treated,Fountain(s) - Interactive,,,Cleaned
2015,6,Pennsylvania,Indeterminate/Other/Unknown,Campylobacter,,Suspected,Private home/residence,2,0,2,0,2,,,,,,,,
2015,6,Pennsylvania,Person-to-person,Campylobacter jejuni,,Suspected,Private home/residence,2,0,2,0,2,,,,,,,,
2015,6,Pennsylvania,Indeterminate/Other/Unknown,Campylobacter jejuni,,Confirmed,Private home/residence,2,0,2,0,2,,,,,,,,
2015,7,Pennsylvania,Indeterminate/Other/Unknown,Campylobacter,,Suspected,Private home/residence,2,0,2,0,2,,,,,,,,
2015,6,Kansas,Food,Campylobacter jejuni,,Confirmed,Other,3,1,3,0,3,,,,,,,,
2015,6,South Carolina,Indeterminate/Other/Unknown,Campylobacter,,Confirmed,"Other, specify",7,0,6,0,6,,,,,,,,
2015,7,Virginia,Food,Campylobacter,,Suspected,Restaurant - Sit-down dining,3,0,3,0,3,,,,,,,,
2015,7,Minnesota,Indeterminate/Other/Unknown,Campylobacter jejuni,,Confirmed,Child day care,2,0,2,0,2,,,,,,,,
2015,6,Arkansas,Person-to-person,Campylobacter jejuni,,Confirmed,Restaurant,5,0,5,0,5,,,,,,,,
2015,6,Maryland,Food,Campylobacter jejuni,,Confirmed,Restaurant - Sit-down dining,7,1,7,0,7,"chicken, liver mousse","liver, chicken",Chicken,,,,,
2015,6,Missouri,Food,Campylobacter jejuni,,Confirmed,Camp,28,0,28,0,28,country fried steak; mashed potatoes,,Multiple,,,,,
2015,6,Pennsylvania,Indeterminate/Other/Unknown,Campylobacter jejuni,,Confirmed,Private home/residence,2,0,2,0,2,,,,,,,,
2015,5,Minnesota,Food,Campylobacter jejuni; Campylobacter coli,,Confirmed; Suspected,Restaurant - Sit-down dining,9,0,9,0,9,"chicken, liver mousse","liver, chicken",Chicken,,,,,
2015,6,Colorado,Animal Contact,Campylobacter; Campylobacter jejuni,,Confirmed; Confirmed,,2,0,2,0,2,,,,,,Dog or Puppy,Dog,
2015,6,Pennsylvania,Person-to-person,Campylobacter unknown,,Suspected,Private home/residence,2,0,2,0,2,,,,,,,,
2015,7,Pennsylvania,Person-to-person,Campylobacter unknown,,Suspected,Private home/residence,3,0,3,0,3,,,,,,,,
2015,7,Arkansas,Person-to-person,Campylobacter jejuni,,Confirmed,"Other, specify",3,0,3,0,3,,,,,,,,
2015,3,Alabama,Food,Campylobacter jejuni,,Confirmed,Restaurant - Sit-down dining,4,2,4,0,4,,,,,,,,
2015,7,New York,Food,Campylobacter jejuni,,Suspected,Restaurant - Sit-down dining,2,0,2,0,2,chicken livers,,Chicken,,,,,
2015,6,Utah,Water,Campylobacter jejuni; Giardia unknown,,Confirmed; Suspected,Private Residence,9,1,9,0,9,,,,Drinking water,Community,,,Cleaned
2015,7,Pennsylvania,Indeterminate/Other/Unknown,Campylobacter jejuni,,Confirmed,Private home/residence,2,0,2,0,2,,,,,,,,
2015,7,Minnesota,Food,Campylobacter jejuni,,Confirmed,Private home/residence,3,0,3,0,3,,,,,,,,
2015,7,Minnesota,Food,Campylobacter,,Suspected,Private home/residence,2,0,2,0,2,,,,,,,,
2015,6,Multistate,Indeterminate/Other/Unknown,Campylobacter jejuni,,Suspected,"Other, specify",7,0,7,0,7,,,,,,,,
2015,6,Kansas,Person-to-person,Campylobacter unknown,,Confirmed,Child day care,2,1,2,0,2,,,,,,,,
2015,8,Kansas,Food,Campylobacter unknown,,Confirmed,Private home/residence,14,1,13,0,14,,,,,,,,
2015,8,Ohio,Indeterminate/Other/Unknown,Campylobacter jejuni,,Confirmed,Camp,39,0,38,0,38,,,,,,,,
2015,8,Ohio,Animal Contact,Campylobacter unknown,,Confirmed,,2,0,2,0,2,,,,,,Dog or Puppy,"Dog, puppy",
2015,9,Ohio,Food,Campylobacter,,Suspected,Office/indoor workplace,10,0,10,0,10,vietnamese sandwich (chicken and bbq pork),,Multiple,,,,,
2015,8,Maryland,Food,Campylobacter jejuni,,Confirmed,Restaurant - Sit-down dining,2,0,2,0,2,chicken livers,"liver, chicken",Chicken,,,,,
2015,8,Wyoming,Food,Campylobacter jejuni,,Confirmed,Private home/residence,6,0,6,0,6,,,,,,,,
2015,6,Michigan,Food,Campylobacter unknown,,Suspected,Other,6,1,6,0,6,"milk, unpasteurized","milk, unpasteurized",Dairy,,,,,
2015,9,Alaska,Indeterminate/Other/Unknown,Campylobacter unknown,,Confirmed,"Other, specify",4,0,2,0,2,,,,,,,,
2015,10,Arkansas,Person-to-person,Campylobacter unknown,,Confirmed,Private home/residence,8,0,8,0,8,,,,,,,,
2015,8,Michigan,Indeterminate/Other/Unknown,Campylobacter jejuni,,Suspected,"Other, specify",2,1,2,0,2,,,,,,,,
2015,9,Wisconsin,Food,Campylobacter jejuni,,Confirmed,School/college/university,46,3,43,0,46,"chicken, grilled",chicken,Chicken,,,,,
2015,7,Ohio,Animal Contact,Campylobacter unknown,,Confirmed,,2,0,2,0,2,,,,,,Cat or kitten,Cat,
2015,11,Ohio,Indeterminate/Other/Unknown,Campylobacter unknown,,Confirmed,Private home/residence,4,0,4,0,4,,,,,,,,
2015,9,Nevada,Food,Campylobacter jejuni,,Confirmed,Banquet Facility (food prepared and served on-site),3,0,3,0,3,"chicken, liver; chicken, unspecified; fish, codfish; fish, salmon",,Multiple,,,,,
2015,11,Pennsylvania,Indeterminate/Other/Unknown,Campylobacter jejuni,,Confirmed,Private home/residence,3,0,2,0,3,,,,,,,,
2015,10,Pennsylvania,Indeterminate/Other/Unknown,Campylobacter,,Suspected,Private home/residence,2,0,2,0,2,,,,,,,,
2015,10,Pennsylvania,Indeterminate/Other/Unknown,Campylobacter jejuni,,Confirmed,Private home/residence,2,0,2,0,2,,,,,,,,
2015,9,Arizona,Person-to-person,Campylobacter jejuni,,Confirmed,Ship/boat,6,2,2,0,0,,,,,,,,
2015,11,Texas,Indeterminate/Other/Unknown,Campylobacter unknown,,Suspected,Office/indoor workplace,2,0,2,0,2,,,,,,,,
2015,12,Texas,Food,Shigella sonnei; Campylobacter jejuni,,Suspected; Suspected,,7,0,,0,,,,,,,,,
2016,1,Tennessee,Food,Norovirus Genogroup II; Campylobacter unknown; Shigella unknown,GII.1; ; ,Suspected; Suspected; Suspected,Restaurant - Sit-down dining,6,0,6,0,6,,,,,,,,
2015,8,West Virginia,Indeterminate/Other/Unknown,Campylobacter jejuni,,Confirmed,"Other, specify",5,2,5,0,5,,,,,,,,
2015,12,Colorado,Food,Campylobacter,,Confirmed,Restaurant - Sit-down dining,4,0,4,0,4,chicken liver pate,,Chicken,,,,,
2015,10,California,Food,Campylobacter jejuni,,Suspected,Restaurant - Sit-down dining; Caterer (food prepared off-site from where served),6,0,6,0,6,,,,,,,,
2015,3,Washington,Food,Campylobacter jejuni,,Suspected,Restaurant - Sit-down dining,2,0,2,0,2,chicken liver pate,,Chicken,,,,,
2015,12,South Carolina,Animal Contact,Campylobacter unknown,,Confirmed,,3,0,3,0,3,,,,,,Other poultry,Chicken,
2016,1,Kansas,Food,Campylobacter unknown,,Suspected,"Restaurant - ""Fast-food""(drive up service or pay at counter)",2,0,2,0,2,"chicken, fried",chicken,Chicken,,,,,
2015,12,Pennsylvania,Indeterminate/Other/Unknown,"Campylobacter jejuni; Escherichia coli, Shiga toxin-producing",unknown,Confirmed; Confirmed,Private home/residence,2,0,2,0,2,,,,,,,,
2015,12,Ohio,Food,Campylobacter jejuni,,Confirmed,Farm/dairy,2,2,2,0,2,"milk, unpasteurized","milk, whole milk unpasteurized",Dairy,,,,,
2015,5,California,Food,Campylobacter jejuni,,Confirmed,Other,5,1,4,0,0,"goat milk, unpasteurized",raw milk,Dairy,,,,,
2015,10,California,Food,Campylobacter jejuni,,Confirmed,"Restaurant - ""Fast-food""(drive up service or pay at counter)",3,0,3,0,3,,,,,,,,
2015,2,California,Food,Campylobacter jejuni,,Confirmed,Other,8,2,8,0,8,"milk, whole milk unpasteurized",milk,Dairy,,,,,
2014,9,Vermont,Food,Campylobacter jejuni; Campylobacter coli,,Confirmed; Confirmed,Long-term care/nursing home/assisted living facility,4,4,4,0,4,"chicken, liver mousse","liver, chicken",Chicken,,,,,
2016,1,Montana,Animal Contact,Campylobacter jejuni,,Confirmed,,2,0,2,0,2,,,,,,Dog or Puppy,Dog,
2015,10,Arizona,Water,Shigella sonnei; Campylobacter jejuni; Norovirus unknown,subgroup D; ; ,Suspected; Suspected; Suspected,Community/Municipality,250,0,0,0,250,,,,Drinking water,Community,,,Cleaned
2015,12,Washington,Food,Campylobacter unknown,,Suspected,Restaurant - Sit-down dining,2,0,2,0,2,foie gras,,Other Poultry,,,,,
2015,3,California,Food,Campylobacter jejuni,,Suspected,Restaurant - Sit-down dining,3,0,3,0,3,,,,,,,,
2016,2,Illinois,Food,Campylobacter; Campylobacter,,Confirmed; Confirmed,Restaurant - Sit-down dining,5,0,5,0,5,,,,,,,,
2016,4,Ohio,Animal Contact,Campylobacter unknown,,Suspected,,5,0,5,0,5,,,,,,Baby chick or duckling; Baby chick or duckling,"Chick, baby chick; Duck, duckling",
2016,3,Illinois,Food,Campylobacter,,Confirmed,Farm/dairy,7,1,2,0,2,unpasteurized milk,,Dairy,,,,,
2015,5,Massachusetts,Food,Campylobacter unknown,,Suspected,Farm/dairy,2,1,2,0,2,raw milk,,Dairy,,,,,
2016,3,Kansas,Food,Campylobacter unknown,,Suspected,Private home/residence,15,0,15,0,15,"cheese, unspecified, unpasteurized",,Dairy,,,,,
2016,4,Wisconsin,Food,Campylobacter jejuni,,Confirmed,Private home/residence,3,0,3,0,3,cheese curds,"goat milk, unpasteurized",Dairy,,,,,
2016,4,Wisconsin,Food,Salmonella enterica; Campylobacter coli,Enteritidis; ,Confirmed; Confirmed,Restaurant - Sit-down dining,9,0,9,0,9,"pate, chicken liver","liver, chicken",Chicken,,,,,
2016,5,Ohio,Person-to-person,Campylobacter,,Suspected,Child day care,5,0,1,0,5,,,,,,,,
2016,4,Texas,Indeterminate/Other/Unknown,Campylobacter unknown,,Suspected,"Other, specify",3,1,3,0,3,,,,,,,,
2016,5,Virginia,Food,Campylobacter unknown; Campylobacter jejuni,,Confirmed; Suspected,Caterer (food prepared off-site from where served),15,5,15,0,14,,,,,,,,
2016,5,Ohio,Food,Campylobacter jejuni,,Suspected,Unknown,2,0,2,0,2,"milk, whole milk unpasteurized",,Dairy,,,,,
2016,6,Virginia,Food,Campylobacter unknown,,Suspected,"Fair, festival, other temp or mobile services; Grocery store",4,0,2,0,2,,,,,,,,
2016,5,Minnesota,Indeterminate/Other/Unknown,Campylobacter jejuni,,Confirmed,Private home/residence,3,0,3,0,3,,,,,,,,
2016,5,Minnesota,Food,Campylobacter jejuni,,Confirmed,Restaurant - Sit-down dining,2,0,2,0,2,,,,,,,,
2016,6,South Dakota,Animal Contact,Campylobacter coli,,Confirmed,,5,0,5,0,5,,,,,,Cattle,"Cattle, calf",
2015,3,Idaho,Food,Campylobacter,,Confirmed,Farm/dairy,4,0,4,0,4,"cottage cheese, unpasteurized",,Dairy,,,,,
2015,9,Idaho,Food,"Campylobacter jejuni; Escherichia coli, Shiga toxin-producing",O157:H7,Confirmed; Confirmed,Farm/dairy,15,3,15,0,15,"milk, unpasteurized",,Dairy,,,,,
2015,11,Idaho,Food,Campylobacter,,Confirmed,,8,0,8,0,8,"cheese, unspecified, unpasteurized",,Dairy,,,,,
2016,6,Ohio,Indeterminate/Other/Unknown,Campylobacter,,Suspected,Private home/residence,2,0,2,0,2,,,,,,,,
2016,6,Ohio,Animal Contact,Campylobacter,,Suspected,,4,0,4,0,4,,,,,,Other poultry,Chicken,
2016,6,Minnesota,Food,Campylobacter jejuni,,Confirmed,Restaurant - Sit-down dining,2,0,2,0,2,,,,,,,,
2016,7,Kansas,Indeterminate/Other/Unknown,Campylobacter lari,,Confirmed,"Other, specify",12,0,8,0,8,,,,,,,,
2016,4,Multistate,Animal Contact,Campylobacter coli,,Confirmed,,3,1,3,0,3,,,,,,Baby chick or duckling,"Chick, baby chick",
2016,6,Texas,Indeterminate/Other/Unknown,Campylobacter unknown,,Suspected,Unknown,3,0,3,0,3,,,,,,,,
2016,4,Pennsylvania,Indeterminate/Other/Unknown,Campylobacter jejuni,,Confirmed,Private home/residence,2,0,2,0,2,,,,,,,,
2016,7,Pennsylvania,Indeterminate/Other/Unknown,Campylobacter jejuni,,Suspected,Private home/residence,2,0,2,0,2,,,,,,,,
2016,7,Pennsylvania,Indeterminate/Other/Unknown,Campylobacter,,Confirmed,Private home/residence,2,0,2,0,2,,,,,,,,
2016,8,Minnesota,Indeterminate/Other/Unknown,Campylobacter jejuni,,Confirmed,Camp,8,0,8,0,8,,,,,,,,
2016,6,Texas,Person-to-person,Campylobacter unknown,,Suspected,,3,1,3,0,3,,,,,,,,
2016,4,Pennsylvania,Animal Contact,Campylobacter jejuni,,Confirmed,,3,0,3,0,3,,,,,,Dog or Puppy,"Dog, puppy",
2016,8,Pennsylvania,Indeterminate/Other/Unknown,Campylobacter jejuni,,Suspected,Private home/residence,2,0,2,0,2,,,,,,,,
2016,1,Minnesota,Environmental contamination other than food/water,Campylobacter jejuni; Salmonella enterica; Salmonella enterica,Enteritidis; Newport,Confirmed; Suspected; Suspected,"Other, specify",14,0,14,0,14,,,,,,,,
2016,7,Kansas,Person-to-person,Campylobacter unknown,,Suspected,Child day care,4,0,4,0,4,,,,,,,,
2016,8,New York,Food,Campylobacter jejuni,,Suspected,Restaurant - Sit-down dining,4,0,4,0,4,"chicken, liver mousse","liver, chicken",Chicken,,,,,
2016,8,Ohio,Indeterminate/Other/Unknown,Campylobacter jejuni,,Confirmed,Child day care,2,0,2,0,2,,,,,,,,
2015,8,Vermont,Person-to-person,Campylobacter jejuni,,Confirmed,Restaurant,3,1,3,0,3,,,,,,,,
2015,11,Vermont,Food,Campylobacter jejuni,,Confirmed,Restaurant - Sit-down dining,3,0,3,0,3,"chicken, liver mousse","liver, chicken",Chicken,,,,,
2016,8,Michigan,Indeterminate/Other/Unknown,Campylobacter unknown,,Confirmed,Private home/residence,3,0,3,0,3,,,,,,,,
2015,3,California,Food,Campylobacter jejuni; Norovirus unknown,,Suspected; Suspected,"Restaurant - ""Fast-food""(drive up service or pay at counter); Other",19,0,16,0,16,oysters,oysters,Mollusks,,,,,
2016,9,Minnesota,Indeterminate/Other/Unknown,Campylobacter jejuni,,Confirmed,Child day care,4,0,4,0,4,,,,,,,,
2016,6,Texas,Food,Campylobacter unknown,,Confirmed,Private home/residence,2,0,0,0,0,"chicken, bbq; beans, unspecified; rice",,Multiple,,,,,
2016,10,Minnesota,Food,Campylobacter coli,,Confirmed,Restaurant - Sit-down dining,3,0,3,0,3,,,,,,,,
2016,10,Ohio,Food,Campylobacter jejuni,,Confirmed,Farm/dairy,11,2,11,0,5,"milk, whole milk unpasteurized","milk, whole milk unpasteurized",Dairy,,,,,
2016,9,Michigan,Food,Campylobacter jejuni,,Confirmed,Restaurant - Sit-down dining,3,1,3,0,3,"beef, kibbeh",,Multiple,,,,,
2016,3,West Virginia,Person-to-person,Norovirus Genogroup I; Campylobacter,unknown; ,Confirmed; Suspected,Long-term care/nursing home/assisted living facility,63,1,63,1,63,,,,,,,,
2016,12,Virginia,Indeterminate/Other/Unknown,Norovirus Genogroup II; Campylobacter unknown; Other - Bacterium,,Suspected; Suspected; Suspected,Hospital,7,2,7,0,7,,,,,,,,
2016,9,Colorado,Food,Campylobacter,,Suspected,Farm/dairy,6,0,6,0,6,,,,,,,,
2016,8,Colorado,Food,Campylobacter jejuni,,Confirmed,Farm/dairy,17,1,17,0,17,"milk, unpasteurized","milk, unpasteurized",Dairy,,,,,
2016,3,West Virginia,Indeterminate/Other/Unknown,Campylobacter unknown,,Confirmed,"Other, specify",4,1,4,0,4,,,,,,,,
2016,12,Arkansas,Person-to-person,Campylobacter unknown,,Suspected,School/college/university,2,1,1,0,1,,,,,,,,
2017,1,Minnesota,Food,Campylobacter coli,,Confirmed,Restaurant - Sit-down dining,4,1,4,0,4,duck liver and hearts,"duck, other",Other Poultry,,,,,
2016,12,Texas,Food,Campylobacter unknown,,Suspected,Unknown,2,1,2,0,2,oysters,,Mollusks,,,,,
2015,2,Massachusetts,Indeterminate/Other/Unknown,Campylobacter jejuni,,Suspected,,3,1,2,0,2,,,,,,,,
2016,6,Ohio,Animal Contact,"Escherichia coli, Shiga toxin-producing; Campylobacter jejuni",O157:H7; ,Suspected; Suspected,,2,0,2,0,2,,,,,,Cattle; Other poultry,"Cattle, calf; Chicken",
2017,2,Ohio,Food,Norovirus Genogroup II; Norovirus Genogroup II; Campylobacter unknown,GII.P7 - GII.14; unknown; ,Confirmed; Suspected; Suspected,Long-term care/nursing home/assisted living facility,45,1,45,0,45,,,,,,,,
2016,7,Washington,Food,Campylobacter jejuni,,Confirmed,Restaurant - Sit-down dining,5,0,5,0,5,"chicken, liver mousse",,Multiple,,,,,
2016,7,Ohio,Food,Campylobacter jejuni,,Confirmed,Private home/residence,2,2,2,0,0,hamburger,,Multiple,,,,,
2017,2,Tennessee,Food,Campylobacter unknown; Campylobacter jejuni,,Confirmed; Suspected,Restaurant - Sit-down dining,4,1,1,0,4,guacamole,,Multiple,,,,,
2016,6,Massachusetts,Food,Campylobacter jejuni,,Confirmed,Farm/dairy,2,1,2,0,2,"milk, unpasteurized","milk, unpasteurized",Dairy,,,,,
2016,8,Maryland,Indeterminate/Other/Unknown,Campylobacter jejuni; Campylobacter coli,,Confirmed; Suspected,Long-term care/nursing home/assisted living facility,5,2,5,0,5,,,,,,,,
2016,7,Illinois,Food,Campylobacter,,Confirmed,Unknown,3,0,3,0,3,,,,,,,,
2017,3,Michigan,Indeterminate/Other/Unknown,Norovirus Genogroup II; Campylobacter,GII.P16 - GII.2; ,Confirmed; Suspected,Event space,226,2,226,0,226,,,,,,,,
2016,9,Texas,Indeterminate/Other/Unknown,Campylobacter unknown,,Suspected,Private home/residence,3,,0,,0,,,,,,,,
2016,11,Texas,Indeterminate/Other/Unknown,Campylobacter unknown,,Suspected,Private home/residence,3,,0,,0,,,,,,,,
2016,9,Massachusetts,Food,Campylobacter jejuni,,Confirmed,Banquet Facility (food prepared and served on-site),5,1,5,0,5,"pate, chicken liver",,Chicken,,,,,
2016,11,Massachusetts,Indeterminate/Other/Unknown,Campylobacter,,Confirmed,Long-term care/nursing home/assisted living facility,10,1,10,0,10,,,,,,,,
2017,2,Nebraska,Water,Campylobacter jejuni,,Confirmed,Unknown,39,3,39,0,39,,,,Drinking water,Community,,,Cleaned
2016,4,Idaho,Animal Contact,Campylobacter jejuni; Campylobacter jejuni,,Confirmed; Confirmed,,2,0,2,0,2,,,,,,Dog or Puppy,Shelter dog,
2017,4,Minnesota,Person-to-person,Norovirus; Campylobacter unknown,,Suspected; Suspected,Child day care,32,0,0,0,32,,,,,,,,
2017,4,Texas,Indeterminate/Other/Unknown,Campylobacter unknown,,Suspected,Unknown,9,,0,,0,,,,,,,,
2017,4,Texas,Water,Campylobacter unknown,,Confirmed,Beach - Public,2,0,2,0,2,,,,Recreational water -- untreated,Ocean,,,Cleaned
2017,5,Virginia,Indeterminate/Other/Unknown,"Escherichia coli, Shiga toxin-producing; Escherichia coli, Shiga toxin-producing; Escherichia coli, Shiga toxin-producing; Campylobacter unknown; Rotavirus",O157:H7; O26; unknown; ; ,Confirmed; Suspected; Suspected; Confirmed; Suspected,Event space,20,0,18,0,18,,,,,,,,
2017,5,Texas,Water,Campylobacter unknown,,Suspected,,3,0,3,0,3,,,,Undetermined water,,,,Cleaned
2017,5,Texas,Water,Campylobacter unknown,,Confirmed,Unknown,2,1,2,0,2,,,,Recreational water -- untreated,Lake/Reservoir/Impoundment,,,Cleaned
2016,5,Virginia,Person-to-person,Shigella unknown; Campylobacter unknown,,Confirmed; Confirmed,Child day care,13,1,13,0,13,,,,,,,,
2017,5,Texas,Indeterminate/Other/Unknown,Campylobacter unknown,,Suspected,Unknown,3,0,3,0,3,,,,,,,,
2016,1,Vermont,Food,Campylobacter jejuni,,Confirmed,Restaurant - Sit-down dining,5,0,5,0,5,"lemon, unspecified","liver, chicken",Chicken,,,,,
2017,7,Oregon,Indeterminate/Other/Unknown,Campylobacter jejuni,,Confirmed,Private home/residence,5,0,5,0,5,,,,,,,,
2017,6,Connecticut,Food,Campylobacter jejuni,,Confirmed,"Restaurant - Sit-down dining; Fair, festival, other temp or mobile services",13,2,13,0,13,"beef, unspecified",,Beef,,,,,
2017,5,Pennsylvania,Person-to-person,Campylobacter,,Suspected,Private home/residence,3,1,3,0,3,,,,,,,,
2017,7,Virginia,Food,Campylobacter jejuni,,Suspected,Private home/residence,6,1,3,0,3,,,,,,,,
2017,6,Ohio,Person-to-person,Shigella sonnei; Sapovirus; Astrovirus; Campylobacter jejuni,,Confirmed; Confirmed; Suspected; Suspected,Child day care,13,0,13,0,13,,,,,,,,
2017,6,Texas,Indeterminate/Other/Unknown,Campylobacter unknown,,Suspected,Unknown,4,0,4,0,4,,,,,,,,
2016,10,Vermont,Indeterminate/Other/Unknown,Campylobacter jejuni,,Confirmed,Unknown,3,1,3,0,3,,,,,,,,
2017,7,New York,Food,Salmonella enterica; Campylobacter jejuni,Thompson; ,Confirmed; Suspected,Restaurant - Sit-down dining,13,0,12,0,13,hummus,,Multiple,,,,,
2017,5,Texas,Indeterminate/Other/Unknown,Campylobacter unknown,,Confirmed,School/college/university,2,0,2,0,2,,,,,,,,
2017,7,Pennsylvania,Indeterminate/Other/Unknown,Campylobacter,,Suspected,Private home/residence,2,2,2,0,2,,,,,,,,
2017,6,Michigan,Food,Campylobacter; Salmonella enterica,Enteritidis,Suspected; Confirmed,Restaurant - Sit-down dining,6,3,5,0,5,unspecified vegetables,lettuce; onion; tomato,Multiple,,,,,
2016,5,California,Food,Campylobacter jejuni,,Confirmed,Restaurant - Sit-down dining,60,3,35,0,60,,,,,,,,
2017,5,Pennsylvania,Indeterminate/Other/Unknown,Campylobacter,,Suspected,Private home/residence,2,0,2,0,2,,,,,,,,
2017,7,Ohio,Environmental contamination other than food/water,Campylobacter jejuni,,Confirmed,"Other, specify",8,2,8,0,8,,,,,,,,
2017,8,South Dakota,Indeterminate/Other/Unknown,Campylobacter jejuni,,Confirmed,Event space,6,0,6,0,6,,,,,,,,
2017,3,Utah,Food,Campylobacter jejuni,,Confirmed,Farm/dairy,9,0,9,0,9,raw milk,,Dairy,,,,,
2017,2,Utah,Food,Campylobacter jejuni,,Confirmed,Farm/dairy,6,0,4,0,4,raw milk,raw milk,Dairy,,,,,
2017,8,Missouri,Animal Contact,Campylobacter jejuni,,Confirmed,,10,0,10,0,10,,,,,,,,
2017,8,Nebraska,Animal Contact,Campylobacter unknown,,Suspected,,6,0,6,0,6,,,,,,Other poultry,Chicken,
2017,9,Ohio,Food,Campylobacter jejuni,,Suspected,Farm/dairy,2,0,2,0,2,"milk, whole milk unpasteurized",,Dairy,,,,,
2017,3,Colorado,Food,Campylobacter coli; Campylobacter jejuni; Campylobacter unknown,,Confirmed; Confirmed; Confirmed,Restaurant - Sit-down dining,17,0,12,0,12,chicken liver pate,"pate, chicken liver",Chicken,,,,,
2017,10,Ohio,Indeterminate/Other/Unknown,Campylobacter,,Confirmed,Hospital,5,0,5,0,5,,,,,,,,
2017,10,Montana,Indeterminate/Other/Unknown,Campylobacter unknown,,Confirmed,Camp,4,0,4,0,4,,,,,,,,
2017,9,Minnesota,Indeterminate/Other/Unknown,Campylobacter jejuni,,Confirmed,Restaurant,2,0,2,0,2,,,,,,,,
2017,1,Texas,Indeterminate/Other/Unknown,Campylobacter unknown,,Suspected,Private home/residence,4,0,4,0,4,,,,,,,,
2017,11,Minnesota,Food,Campylobacter jejuni,,Confirmed,Restaurant - Sit-down dining,15,0,15,0,15,oysters,oysters,Mollusks,,,,,
2017,10,Pennsylvania,Food,Campylobacter jejuni,,Confirmed,Restaurant - Sit-down dining,3,1,3,0,0,"chicken, liver",,Chicken,,,,,
2017,5,Illinois,Food,"Campylobacter jejuni; Escherichia coli, Shiga toxin-producing; Escherichia coli, Shiga toxin-producing; Cryptosporidium",O145; O111; ,Confirmed; Suspected; Suspected; Confirmed,Farm/dairy,11,1,11,0,11,"milk, unpasteurized",n/a,Dairy,,,,,
2017,11,Virginia,Indeterminate/Other/Unknown,Campylobacter jejuni,,Confirmed,Hotel/motel,9,0,9,0,9,,,,,,,,
2017,10,Virginia,Environmental contamination other than food/water,Campylobacter,,Confirmed,Office/indoor workplace,3,0,3,0,3,,,,,,,,
2017,11,Missouri,Food,Campylobacter unknown; Campylobacter coli; Campylobacter jejuni,,Suspected; Suspected; Suspected,Farm/dairy,13,0,13,0,13,raw milk,"milk, unpasteurized",Dairy,,,,,
2017,9,Kansas,Indeterminate/Other/Unknown,Campylobacter jejuni,,Confirmed,Child day care,2,1,2,0,2,,,,,,,,
2017,10,Ohio,Water,Campylobacter jejuni,,Confirmed,Public Outdoor Area,5,3,4,0,5,,,,Other/Environmental water,Spring,,,Cleaned
2017,10,Pennsylvania,Indeterminate/Other/Unknown,Campylobacter unknown,,Confirmed,Private home/residence,2,0,2,0,2,,,,,,,,
2017,11,Rhode Island,Food,Campylobacter jejuni; Campylobacter coli,,Confirmed; Confirmed,Restaurant - Sit-down dining,3,0,3,0,3,chicken liver pate,"liver, chicken",Chicken,,,,,
2017,10,Oregon,Indeterminate/Other/Unknown,Campylobacter jejuni,,Confirmed,Child day care,11,0,11,0,11,,,,,,,,
2018,1,Virginia,Food,Campylobacter jejuni,,Confirmed,Restaurant - Sit-down dining,15,0,15,0,15,"chicken liver mousse; eggplant-tomato ratatouille; salmon, smoked","liver, chicken",Chicken,,,,,
2017,6,California,Food,Campylobacter jejuni,,Confirmed,Restaurant - Sit-down dining,6,0,6,0,6,"chicken, other","liver, chicken",Chicken,,,,,
2017,9,Kentucky,Person-to-person,Campylobacter,,Suspected,Long-term care/nursing home/assisted living facility,6,2,6,0,6,,,,,,,,
2017,6,Washington,Food,Campylobacter jejuni,,Suspected,Restaurant - Sit-down dining,2,0,2,0,2,foie gras,,Other Poultry,,,,,
2018,1,Pennsylvania,Animal Contact,Campylobacter unknown,,Suspected,Private home/residence,2,0,2,0,2,,,,,,,,
2018,1,Pennsylvania,Food,Campylobacter jejuni,,Suspected,Restaurant - Sit-down dining,2,0,2,0,2,,,,,,,,
2018,1,Ohio,Animal Contact,Cryptosporidium unknown; Campylobacter unknown,,Confirmed; Confirmed,,22,3,22,0,22,,,,,,Cattle,,
2017,9,Arizona,Food,Campylobacter,,Confirmed,Restaurant - Sit-down dining,2,2,2,0,2,,,,,,,,
2016,12,Vermont,Food,Campylobacter jejuni,,Confirmed,Restaurant - Sit-down dining,5,1,5,0,5,chicken liver pate,"liver, chicken",Chicken,,,,,
2017,6,Washington,Food,Campylobacter jejuni,,Confirmed,Private home/residence; Grocery store,2,0,2,0,2,,,,,,,,
2017,7,Utah,Water,"Campylobacter jejuni; Escherichia coli, Shiga toxin-producing",O157:H7,Confirmed; Suspected,Farm/Agricultural Setting,3,1,3,0,3,,,,Recreational water -- untreated,Other,,,Cleaned
2017,6,Utah,Food,Campylobacter jejuni,,Suspected,Private home/residence,5,0,5,0,5,"goat milk, unpasteurized",,Dairy,,,,,
2017,9,Arizona,Food,Campylobacter coli,,Confirmed,Long-term care/nursing home/assisted living facility,8,2,8,0,8,,,,,,,,
2018,1,Oregon,Food,Campylobacter coli,,Confirmed,Restaurant - Sit-down dining,2,0,2,0,2,oysters,oysters,Mollusks,,,,,
2017,1,Indiana,Food,Campylobacter unknown,,Confirmed,Other,4,0,4,0,4,turkey,,Turkey,,,,,
2017,11,Utah,Food,Campylobacter jejuni,,Confirmed,Farm/dairy,3,0,3,0,3,raw milk,"milk, unpasteurized",Dairy,,,,,
2017,10,California,Food,Campylobacter jejuni,,Confirmed,Restaurant - Sit-down dining,4,0,4,0,4,,,,,,,,
2017,7,Illinois,Food,Campylobacter jejuni,,Confirmed,Restaurant - Sit-down dining,14,4,14,0,14,chicken liver pate,"liver, chicken",Chicken,,,,,
2017,12,Texas,Indeterminate/Other/Unknown,Campylobacter unknown,,Suspected,Unknown,7,0,7,0,7,,,,,,,,
2017,11,Idaho,Animal Contact,Campylobacter unknown,,Confirmed,,3,0,3,0,3,,,,,,Dog or Puppy,"puppy, strays",
2018,3,Pennsylvania,Indeterminate/Other/Unknown,Campylobacter unknown,,Confirmed,Child day care,2,0,2,0,2,,,,,,,,
2018,3,Wisconsin,Animal Contact,"Escherichia coli, Shiga toxin-producing; Cryptosporidium parvum; Cryptosporidium unknown; Escherichia coli, Shiga toxin-producing; Campylobacter unknown",O145; IIaA15G2R1; ; unknown; ,Confirmed; Confirmed; Confirmed; Confirmed; Suspected,,23,0,18,0,23,,,,,,Sheep or goats,Adult and baby goats,
2016,6,Multistate,Animal Contact,Campylobacter jejuni,,Confirmed,,120,24,104,0,103,,,,,,Dog or Puppy,Pet Store Puppies,
2017,3,Idaho,Food,Campylobacter,,Suspected,Farm/dairy,2,0,2,0,2,"milk, unpasteurized","milk, unpasteurized",Dairy,,,,,
2017,6,Idaho,Animal Contact,Campylobacter,,Suspected,,3,0,3,0,3,,,,,,Baby chick or duckling,ducklings,
2017,5,Idaho,Animal Contact,Campylobacter,,Suspected,,2,0,2,0,2,,,,,,Sheep or goats,"sheep, lambing shed",
2018,2,Texas,Food,Campylobacter jejuni,,Suspected,Farm/dairy,2,0,2,0,2,milk,,Dairy,,,,,
2018,3,Pennsylvania,Indeterminate/Other/Unknown,Campylobacter,,Suspected,Private home/residence,2,0,2,0,2,,,,,,,,
2018,4,New York,Food,Campylobacter jejuni,,Confirmed,Restaurant - Sit-down dining,4,0,4,0,4,,,,,,,,
2018,3,Massachusetts,Food,Salmonella enterica; Campylobacter jejuni,"I 4,[5],12:i:-; ",Confirmed; Confirmed,Restaurant - Sit-down dining; Caterer (food prepared off-site from where served); Grocery store,8,1,8,0,8,"pate, chicken liver","liver, chicken",Chicken,,,,,
2018,4,Pennsylvania,Indeterminate/Other/Unknown,Campylobacter unknown,,Suspected,,2,0,2,0,2,,,,,,,,
2017,9,Kentucky,Person-to-person,Campylobacter,,Suspected,Long-term care/nursing home/assisted living facility,9,1,9,0,9,,,,,,,,
2018,4,Utah,Animal Contact,Campylobacter jejuni,,Confirmed,,5,0,3,0,5,,,,,,,,
2018,1,Alabama,Person-to-person,Norovirus Genogroup II; Campylobacter unknown,unknown - unknown; ,Confirmed; Suspected,Restaurant,3,3,3,0,3,,,,,,,,
2018,2,Pennsylvania,Food,Campylobacter; Campylobacter,,Confirmed; Confirmed,Farm/dairy,3,1,3,0,3,"milk, unpasteurized",,Dairy,,,,,
2018,5,Pennsylvania,Indeterminate/Other/Unknown,Campylobacter jejuni,,Suspected,Restaurant,2,0,2,0,2,,,,,,,,
2018,6,Utah,Food,Campylobacter jejuni,,Confirmed,Farm/dairy,16,0,16,0,16,raw milk,,Dairy,,,,,
2018,5,Texas,Food,Campylobacter unknown,,Confirmed,Private home/residence,5,0,0,0,0,,,,,,,,
2018,6,Ohio,Animal Contact,Campylobacter jejuni,,Confirmed,,3,0,3,0,3,,,,,,Dog or Puppy,animal shelter,
2018,6,Texas,Indeterminate/Other/Unknown,Campylobacter jejuni,,Confirmed,Private home/residence,10,0,0,0,0,,,,,,,,
2018,3,Multistate,Food,Campylobacter jejuni,,Confirmed,Private home/residence,3,2,2,0,3,"chicken, liver","liver, chicken",Chicken,,,,,
2018,5,West Virginia,Indeterminate/Other/Unknown,Campylobacter unknown,,Suspected,"Other, specify",2,1,2,0,2,,,,,,,,
2018,6,Minnesota,Food,Campylobacter jejuni,,Confirmed,Restaurant - Sit-down dining,3,0,3,0,3,chicken liver pate,"liver, chicken",Chicken,,,,,
2018,6,Pennsylvania,Indeterminate/Other/Unknown,Campylobacter unknown,,Suspected,Private home/residence,2,0,2,0,2,,,,,,,,
2018,6,Pennsylvania,Indeterminate/Other/Unknown,Campylobacter jejuni,,Confirmed,Private home/residence,2,1,2,0,2,,,,,,,,
2018,6,Pennsylvania,Food,Campylobacter coli; Campylobacter unknown,,Confirmed; Suspected,Restaurant - Sit-down dining,2,0,2,0,2,chicken livers,,Chicken,,,,,
2018,6,Minnesota,Animal Contact,Campylobacter jejuni,,Confirmed,,2,0,2,0,2,,,,,,Dog or Puppy,puppies,
2018,7,Florida,Environmental contamination other than food/water,Campylobacter unknown,,Confirmed,"Other, specify",5,1,5,0,5,,,,,,,,
2018,7,Minnesota,Food,Campylobacter jejuni,,Confirmed,Restaurant - Sit-down dining,2,0,2,0,2,"chicken wings, bbq",chicken,Chicken,,,,,
2018,7,Pennsylvania,Indeterminate/Other/Unknown,Campylobacter jejuni,,Suspected,Private home/residence,2,0,2,0,2,,,,,,,,
2018,6,Utah,Food,Campylobacter jejuni,,Confirmed,Restaurant - Sit-down dining,2,0,2,0,2,,,,,,,,
2018,7,Connecticut,Food,Campylobacter,,Suspected,Private home/residence; Grocery store,3,0,3,0,3,,,,,,,,
2018,8,Ohio,Animal Contact,Campylobacter jejuni,,Confirmed,,2,0,2,0,2,,,,,,Dog or Puppy,puppies,
2018,3,Pennsylvania,Person-to-person,Campylobacter unknown,,Suspected,Private home/residence,2,2,2,0,2,,,,,,,,
2018,7,Pennsylvania,Food,Campylobacter jejuni,,Confirmed,Prison/jail,72,1,4,0,4,,,,,,,,
2018,9,Virginia,Food,Campylobacter jejuni,,Confirmed,Private home/residence,6,0,6,0,6,,,,,,,,
2018,7,Rhode Island,Food,Campylobacter jejuni,,Confirmed,Private home/residence,5,0,5,0,5,,,,,,,,
2018,8,Pennsylvania,Food,Campylobacter jejuni,,Confirmed,Office/indoor workplace,30,2,30,0,30,chicken liver pate; cheesesteak,,Multiple,,,,,
2018,8,Minnesota,Indeterminate/Other/Unknown,Campylobacter jejuni,,Confirmed,Child day care,2,0,2,0,2,,,,,,,,
2018,8,Pennsylvania,Indeterminate/Other/Unknown,Campylobacter unknown,,Suspected,Private home/residence,2,0,2,0,2,,,,,,,,
2018,8,Wisconsin,Food,Campylobacter unknown,,Suspected,Restaurant - Buffet,15,0,15,0,15,pasta bar,pasta,Multiple,,,,,
2018,6,Massachusetts,Food,Campylobacter jejuni,,Confirmed,Restaurant - Sit-down dining,8,1,8,0,8,chicken livers,,Chicken,,,,,
2018,9,Wisconsin,Food,Campylobacter jejuni,,Confirmed,Private home/residence,27,0,27,0,27,,,,,,,,
2018,4,Texas,Food,Campylobacter unknown,,Suspected,Private home/residence,4,1,4,0,4,"beef, bbq",,Multiple,,,,,
2018,10,Pennsylvania,Indeterminate/Other/Unknown,Campylobacter unknown,,Suspected,Private home/residence,2,0,2,0,2,,,,,,,,
2018,9,Kansas,Animal Contact,Campylobacter unknown,,Confirmed,,4,1,4,0,4,,,,,,,,
2018,11,Pennsylvania,Food,Campylobacter unknown,,Suspected,Private home/residence; Farm/dairy,3,0,3,0,3,,,,,,,,
2018,9,Texas,Food,Campylobacter unknown,,Suspected,Restaurant - Sit-down dining,2,0,2,0,2,,,,,,,,
2018,11,Texas,Indeterminate/Other/Unknown,Campylobacter unknown,,Suspected,Private home/residence,2,0,2,0,2,,,,,,,,
2018,10,Arizona,Indeterminate/Other/Unknown,Campylobacter unknown,,Suspected,"Other, specify",10,0,10,0,10,,,,,,,,
2018,7,Idaho,Water,Campylobacter,,Suspected,Subdivision/Neighborhood,24,0,,0,,,,,Drinking water,Community,,,Cleaned
2018,10,Minnesota,Food,Campylobacter jejuni,,Confirmed,Restaurant - Sit-down dining,3,0,3,0,3,,,,,,,,
2018,12,Pennsylvania,Indeterminate/Other/Unknown,Campylobacter unknown,,Suspected,Private home/residence,2,0,2,0,2,,,,,,,,
2018,12,Maryland,Person-to-person,Norovirus Genogroup II; Campylobacter coli,GII.P7 - GII.6; ,Confirmed; Suspected,Religious facility,9,0,9,0,9,,,,,,,,
2018,4,New York,Food,Campylobacter jejuni,,Suspected,Restaurant - Sit-down dining,2,0,2,0,2,chicken skewers,chicken,Chicken,,,,,
2018,12,Pennsylvania,Indeterminate/Other/Unknown,Campylobacter unknown,,Suspected,Private home/residence,2,0,2,0,2,,,,,,,,
2018,3,Texas,Indeterminate/Other/Unknown,Campylobacter,,Suspected,Private home/residence,7,0,7,0,7,,,,,,,,
2019,1,Minnesota,Person-to-person,Norovirus; Campylobacter,,Suspected; Suspected,Long-term care/nursing home/assisted living facility,18,,0,0,18,,,,,,,,
2019,3,New York,Food,Campylobacter jejuni,,Suspected,Restaurant - Sit-down dining,2,1,2,0,2,chicken skewers,chicken,Chicken,,,,,
2019,2,Pennsylvania,Indeterminate/Other/Unknown,Campylobacter unknown,,Suspected,Private home/residence,2,0,2,0,2,,,,,,,,
2019,2,Ohio,Animal Contact,Campylobacter jejuni,,Suspected,,7,0,7,0,7,,,,,,Sheep or goats,Goats,
2018,10,Colorado,Food,Campylobacter unknown,,Confirmed,Restaurant - Sit-down dining,3,0,3,0,3,chicken liver pate,,Chicken,,,,,
2019,2,Pennsylvania,Food,Campylobacter,,Suspected,Private home/residence; Farm/dairy,5,0,5,0,5,,,,,,,,
2019,2,Pennsylvania,Indeterminate/Other/Unknown,Campylobacter unknown,,Suspected,Private home/residence,3,0,3,0,3,,,,,,,,
2019,2,Pennsylvania,Indeterminate/Other/Unknown,Campylobacter unknown,,Suspected,Private home/residence,2,0,2,0,2,,,,,,,,
2019,1,New York,Food,Campylobacter unknown,,Suspected,Restaurant - Sit-down dining,14,0,14,0,14,geoduck sashimi; salmon sashimi,,Fish,,,,,
2018,9,Illinois,Animal Contact,Campylobacter,,Suspected,,2,1,2,0,2,,,,,,Dog or Puppy,,
2018,6,Alabama,Water,Salmonella enterica; Salmonella enterica; Campylobacter unknown,Mississippi; unknown; ,Confirmed; Suspected; Suspected,Camp/Cabin Setting,3,0,3,0,3,,,,Recreational water -- untreated,Lake/Reservoir/Impoundment,,,Cleaned
2018,12,Colorado,Food,Campylobacter unknown,,Suspected,Restaurant - other or unknown type; Private home/residence,3,0,0,0,0,,,,,,,,
2018,8,Illinois,Food,Campylobacter,,Confirmed,Restaurant - Sit-down dining,2,0,0,0,0,quail,,Game,,,,,
2017,6,California,Food,Campylobacter jejuni,,Confirmed,Restaurant - Sit-down dining; Caterer (food prepared off-site from where served),33,1,33,0,33,guacamole,,Multiple,,,,,
2018,4,California,Food,Campylobacter jejuni,,Confirmed,Private home/residence,4,0,4,0,4,,,,,,,,
2019,2,Pennsylvania,Food,Campylobacter,,Suspected,Long-term care/nursing home/assisted living facility,41,1,41,0,41,,,,,,,,
2018,11,Maryland,Food,Campylobacter jejuni,,Confirmed,Caterer (food prepared off-site from where served),18,3,18,0,18,,,,,,,,
2018,11,Ohio,Animal Contact,Campylobacter unknown,,Suspected,,4,0,4,0,4,,,,,,Dog or Puppy,dog,
2019,3,Florida,Food,Campylobacter,,Suspected,Restaurant - Sit-down dining,6,0,6,0,6,,,,,,,,
2018,11,Minnesota,Animal Contact,Campylobacter jejuni,,Confirmed,,2,0,2,0,2,,,,,,Dog or Puppy,puppies,
2018,2,Pennsylvania,Food,Campylobacter,,Suspected,Private home/residence,2,1,2,0,2,,,,,,,,
2019,3,Texas,Food,Campylobacter jejuni,,Confirmed,Farm/dairy,6,0,6,0,6,raw milk,,Dairy,,,,,
2019,3,Virginia,Food,Campylobacter,,Suspected,Private home/residence,3,0,3,0,3,,,,,,,,
2019,4,Ohio,Animal Contact,Campylobacter jejuni,,Confirmed,,2,0,2,0,2,,,,,,Dog or Puppy; Other poultry,Blood Hound; Chickens,
2019,3,Massachusetts,Indeterminate/Other/Unknown,Campylobacter; Shigella sonnei,subgroup D,Suspected; Confirmed,"Other, specify",19,,0,,0,,,,,,,,
2019,4,Texas,Indeterminate/Other/Unknown,Campylobacter,,Suspected,Unknown,4,1,4,0,4,,,,,,,,
2019,4,Texas,Water,Campylobacter,,Confirmed,Restaurant/Cafeteria,4,2,4,0,4,,,,Other/Environmental water,Other,,,Cleaned
2019,3,Michigan,Indeterminate/Other/Unknown,Campylobacter jejuni,,Confirmed,"Other, specify",3,1,3,0,3,,,,,,,,
2019,5,Pennsylvania,Animal Contact,Campylobacter unknown,,Confirmed,,2,0,2,0,2,,,,,,Dog or Puppy,Puppies,
2019,5,Rhode Island,Food,Campylobacter jejuni,,Confirmed,Restaurant - Sit-down dining,3,0,2,0,3,"pate, chicken liver","liver, chicken",Chicken,,,,,
2019,5,Pennsylvania,Indeterminate/Other/Unknown,Campylobacter unknown,,Suspected,Private home/residence,2,0,2,0,2,,,,,,,,
2019,5,Utah,Food,Campylobacter jejuni,,Suspected,"Restaurant - ""Fast-food""(drive up service or pay at counter)",3,0,3,0,3,,,,,,,,
2019,6,Minnesota,Food,Campylobacter jejuni,,Confirmed,"Restaurant - ""Fast-food""(drive up service or pay at counter)",7,1,7,0,0,,,,,,,,
2019,6,Pennsylvania,Indeterminate/Other/Unknown,Campylobacter unknown,,Suspected,Private home/residence,3,0,3,0,3,,,,,,,,
2019,4,Michigan,Food,Campylobacter jejuni,,Confirmed,Restaurant - Sit-down dining,2,0,2,0,2,calves liver,"liver, beef",Beef,,,,,
2018,12,Multistate,Food,"Vibrio parahaemolyticus; Escherichia coli, Shiga toxin-producing; Norovirus Genogroup I; Shigella flexneri; Campylobacter lari; Vibrio cholerae",O157; unknown; ; ; Other,Confirmed; Suspected; Suspected; Confirmed; Suspected; Suspected,Restaurant - other or unknown type,16,2,15,0,15,raw oysters,,Mollusks,,,,,
2019,6,Utah,Food,"Escherichia coli, Shiga toxin-producing; Campylobacter unknown",unknown; ,Suspected; Suspected,"Restaurant - ""Fast-food""(drive up service or pay at counter)",2,1,2,0,2,,,,,,,,
2019,6,Utah,Food,Campylobacter unknown,,Suspected,Long-term care/nursing home/assisted living facility,6,1,1,0,1,,,,,,,,
2019,6,Kentucky,Environmental contamination other than food/water,Campylobacter unknown,,Confirmed,"Other, specify",13,0,13,0,13,,,,,,,,
2019,6,Pennsylvania,Indeterminate/Other/Unknown,Campylobacter jejuni,,Suspected,Private home/residence,2,1,2,0,2,,,,,,,,
2019,6,Utah,Food,Campylobacter jejuni,,Suspected,Private home/residence,8,0,7,0,7,chicken,chicken,Chicken,,,,,
2019,7,Ohio,Animal Contact,Campylobacter jejuni,,Confirmed,,3,0,3,0,3,,,,,,Dog or Puppy,Puppy,
2019,8,Ohio,Indeterminate/Other/Unknown,Campylobacter unknown,,Suspected,Festival/fair,3,0,3,0,3,,,,,,,,
2019,7,South Carolina,Food,Campylobacter jejuni,,Confirmed,Restaurant - Sit-down dining,4,0,4,0,4,chicken,,Chicken,,,,,
2019,1,Colorado,Animal Contact,Campylobacter unknown,,Confirmed,,6,2,6,0,6,,,,,,Dog or Puppy,pit bull,
2019,7,Texas,Indeterminate/Other/Unknown,Campylobacter jejuni,,Confirmed,Private home/residence,5,0,5,0,5,,,,,,,,
2019,7,Pennsylvania,Indeterminate/Other/Unknown,Campylobacter unknown,,Confirmed,Private home/residence,2,0,2,0,2,,,,,,,,
2019,4,Massachusetts,Food,Campylobacter jejuni,,Confirmed,Caterer (food prepared off-site from where served),3,0,3,0,3,,,,,,,,
2019,7,Minnesota,Indeterminate/Other/Unknown,Campylobacter jejuni,,Confirmed,Festival/fair,2,0,2,0,2,,,,,,,,
2019,8,Texas,Indeterminate/Other/Unknown,Campylobacter unknown,,Suspected,Private home/residence,3,0,0,0,0,,,,,,,,
2019,8,Tennessee,Food,Campylobacter jejuni,,Confirmed,Farm/dairy,4,0,4,0,4,"goat milk, unpasteurized","goat milk, unpasteurized",Dairy,,,,,
2019,8,North Dakota,Food,Campylobacter unknown,,Suspected,Restaurant - Sit-down dining,3,1,3,0,3,,,,,,,,
2019,9,Pennsylvania,Indeterminate/Other/Unknown,Campylobacter unknown,,Suspected,Private home/residence,2,0,2,0,2,,,,,,,,
2019,9,Pennsylvania,Indeterminate/Other/Unknown,Campylobacter jejuni,,Suspected,Private home/residence,3,1,3,0,3,,,,,,,,
2019,9,Virginia,Indeterminate/Other/Unknown,Campylobacter,,Confirmed,Long-term care/nursing home/assisted living facility,2,2,2,0,2,,,,,,,,
2019,9,South Carolina,Food,Campylobacter coli,,Confirmed,Unknown,6,0,6,0,6,,,,,,,,
2019,9,Pennsylvania,Indeterminate/Other/Unknown,Campylobacter unknown,,Suspected,Private home/residence,2,0,2,0,2,,,,,,,,
2019,10,Virginia,Indeterminate/Other/Unknown,Norovirus Genogroup II; Campylobacter jejuni,unknown - unknown; ,Suspected; Suspected,Child day care,12,0,12,0,12,,,,,,,,
2019,9,Ohio,Food,Campylobacter jejuni,,Confirmed,Farm/dairy,7,1,3,0,3,"milk, unpasteurized","milk, whole milk unpasteurized",Dairy,,,,,
2019,9,Massachusetts,Food,Campylobacter jejuni,,Confirmed,Restaurant - Sit-down dining,3,0,3,0,3,"oysters, raw","oysters, raw",Mollusks,,,,,
2019,9,Ohio,Person-to-person,Campylobacter unknown,,Suspected,Child day care,10,0,10,0,10,,,,,,,,
2019,9,Pennsylvania,Indeterminate/Other/Unknown,Campylobacter unknown,,Suspected,Private home/residence,2,0,2,0,2,,,,,,,,
2019,10,Nebraska,Indeterminate/Other/Unknown,Campylobacter unknown,,Suspected,"Other, specify",2,0,2,0,2,,,,,,,,
2019,9,Massachusetts,Food,Campylobacter,,Suspected,Restaurant - Sit-down dining,4,1,4,0,4,chicken,,Chicken,,,,,
2019,10,Pennsylvania,Indeterminate/Other/Unknown,Campylobacter unknown,,Suspected,Private home/residence,2,1,2,0,2,,,,,,,,
2019,10,Florida,Food,Salmonella unknown; Campylobacter unknown,,Confirmed; Suspected,Restaurant - Sit-down dining,6,0,6,0,6,pulled pork,,Pork,,,,,
2019,5,Vermont,Environmental contamination other than food/water,Campylobacter jejuni,,Confirmed,"Other, specify",10,0,10,0,10,,,,,,,,
2019,9,Montana,Indeterminate/Other/Unknown,Campylobacter jejuni,,Confirmed,Event space,18,0,18,0,18,,,,,,,,
2019,11,Pennsylvania,Indeterminate/Other/Unknown,Campylobacter unknown,,Suspected,Private home/residence,2,0,2,0,2,,,,,,,,
2019,10,New York,Food,Campylobacter jejuni,,Confirmed,Restaurant - Sit-down dining,10,2,10,0,0,,,,,,,,
2019,11,Ohio,Person-to-person,Campylobacter unknown,,Suspected,Private home/residence,4,0,4,0,4,,,,,,,,
2019,7,Pennsylvania,Indeterminate/Other/Unknown,Campylobacter unknown,,Suspected,Private home/residence,2,0,2,0,2,,,,,,,,
2019,11,Pennsylvania,Indeterminate/Other/Unknown,Campylobacter unknown,,Suspected,Private home/residence,2,0,2,0,2,,,,,,,,
2019,10,Pennsylvania,Indeterminate/Other/Unknown,Campylobacter unknown,,Suspected,Private home/residence,2,0,2,0,2,,,,,,,,
2019,12,Pennsylvania,Person-to-person,Campylobacter unknown,,Suspected,Child day care,2,2,2,0,2,,,,,,,,
2019,10,Minnesota,Food,Campylobacter,,Confirmed,Private home/residence,5,0,3,0,3,raw milk,raw milk,Dairy,,,,,
2019,10,Illinois,Food,Campylobacter jejuni; Salmonella enterica,Enteritidis,Confirmed; Suspected,Restaurant - Sit-down dining,7,1,7,0,7,"pate, chicken liver","pate, chicken liver",Chicken,,,,,
2020,1,Oregon,Food,Campylobacter,,Suspected,,2,0,2,0,2,,,,,,,,
2019,5,Kentucky,Indeterminate/Other/Unknown,Campylobacter unknown,,Suspected,Long-term care/nursing home/assisted living facility,8,0,0,0,0,,,,,,,,
2019,9,Kentucky,Food,Campylobacter jejuni,,Confirmed,Prison/jail,4,0,4,0,4,chicken livers,,Chicken,,,,,
2019,5,Georgia,Food,Campylobacter unknown,,Suspected,Restaurant - Sit-down dining,3,1,3,0,3,,,,,,,,
2020,1,Connecticut,Person-to-person,Norovirus Genogroup II; Campylobacter unknown,unknown - unknown; ,Confirmed; Suspected,Long-term care/nursing home/assisted living facility,19,0,15,0,15,,,,,,,,
2019,10,New York,Food,Campylobacter jejuni,,Confirmed,Restaurant - Sit-down dining,8,0,8,0,8,dishes containing chicken,chicken,Chicken,,,,,
2019,7,Kansas,Person-to-person,Campylobacter unknown,,Suspected,Camp,6,0,6,0,6,,,,,,,,
2019,8,Puerto Rico,Person-to-person,Campylobacter coli,,Suspected,Private home/residence,2,1,2,0,2,,,,,,,,
2019,12,Pennsylvania,Person-to-person,Campylobacter jejuni,,Confirmed,Private home/residence,3,0,3,0,3,,,,,,,,
2020,1,Iowa,Food,Campylobacter jejuni,,Confirmed,Farm/dairy,9,0,9,0,9,"milk, unpasteurized",,Dairy,,,,,
2019,8,Washington,Animal Contact,Campylobacter jejuni,,Suspected,,4,0,4,0,4,,,,,,,,
2019,6,Idaho,Person-to-person,Campylobacter jejuni,,Confirmed,Private home/residence,2,1,2,0,2,,,,,,,,
2019,4,Idaho,Animal Contact,Campylobacter jejuni,,Suspected,,2,0,2,0,2,,,,,,Lizard,Bearded Dragon,
2019,7,Illinois,Food,Campylobacter jejuni,,Confirmed,Restaurant - Sit-down dining,6,2,6,0,6,"pate, chicken liver","liver, chicken",Chicken,,,,,
2019,3,Idaho,Animal Contact,Campylobacter jejuni,,Suspected,,2,0,2,0,2,,,,,,Cattle,Dairy cattle,
2019,8,Florida,Food,Campylobacter unknown,,Suspected,Restaurant - Sit-down dining,7,0,7,0,7,,,,,,,,
2020,5,Wisconsin,Food,"Campylobacter coli; Escherichia coli, Enteropathogenic",,Confirmed; Suspected,Other,14,1,14,0,14,pulled pork; beans with ground beef,,Multiple,,,,,
2020,5,Pennsylvania,Person-to-person,Campylobacter jejuni,,Suspected,Private home/residence,3,0,3,0,3,,,,,,,,
2020,6,Ohio,Person-to-person,Campylobacter jejuni,,Confirmed,Private home/residence,2,0,2,0,2,,,,,,,,
2020,7,Colorado,Food,Salmonella enterica; Campylobacter jejuni,Newport; ,Suspected; Confirmed,Restaurant - Sit-down dining,5,0,5,0,5,,,,,,,,
2020,7,Pennsylvania,Food,Campylobacter jejuni,,Confirmed,Private home/residence; Caterer (food prepared off-site from where served),11,1,11,0,11,,,,,,,,
2019,8,Maryland,Food,Campylobacter unknown,,Confirmed,Restaurant - Sit-down dining,2,1,2,0,2,,,,,,,,
2019,1,Multistate,Animal Contact,Campylobacter jejuni,,Confirmed,,52,6,31,0,33,,,,,,Dog or Puppy,Pet store puppy,
2019,6,Maryland,Animal Contact,Campylobacter jejuni,,Confirmed,,5,0,5,0,5,,,,,,Baby chick or duckling,duckling,
2019,11,Washington,Food,Campylobacter,,Suspected,Farm/dairy,2,0,0,0,0,raw milk,raw milk,Dairy,,,,,
2020,5,Idaho,Animal Contact,Campylobacter unknown,,Suspected,,2,0,2,0,2,,,,,,Dog or Puppy; Other poultry,puppy; turkeys and chickens and eggs,
2020,4,Idaho,Food,Campylobacter unknown,,Confirmed,Private home/residence,3,1,3,0,3,"cheese, unspecified, unpasteurized","milk, whole milk unpasteurized",Dairy,,,,,
2019,6,California,Food,Campylobacter jejuni,,Confirmed,Other,16,0,16,0,16,,,,,,,,
2020,8,Idaho,Animal Contact,Campylobacter jejuni,,Confirmed,,2,0,2,0,2,,,,,,Baby chick or duckling,chicks,
2019,6,California,Food,Campylobacter jejuni,,Confirmed,"Restaurant - ""Fast-food""(drive up service or pay at counter)",5,0,5,0,5,"sandwich, pork",,Multiple,,,,,
2020,11,Idaho,Animal Contact,Campylobacter jejuni,,Suspected,,2,0,2,0,2,,,,,,Dog or Puppy,puppy,
2020,12,Utah,Food,Campylobacter jejuni,,Confirmed,Private home/residence,4,1,3,0,3,pate; chicken livers,,Multiple,,,,,
2020,7,Pennsylvania,Indeterminate/Other/Unknown,Campylobacter jejuni,,Confirmed,Private home/residence,2,0,2,0,2,,,,,,,,
2020,9,Washington,Food,Campylobacter unknown,,Suspected,Restaurant - Sit-down dining,4,0,4,0,4,chicken,chicken,Chicken,,,,,
2020,10,Pennsylvania,Food,Campylobacter jejuni,,Confirmed,Restaurant - Sit-down dining,2,1,2,0,2,,,,,,,,
2020,12,Oregon,Food,Campylobacter jejuni,,Confirmed,Farm/dairy,4,1,4,0,4,raw (unpasteurized) milk,,Dairy,,,,,
2020,8,Minnesota,Indeterminate/Other/Unknown,Campylobacter jejuni,,Confirmed,Private home/residence,2,0,2,0,2,,,,,,,,
2020,4,Illinois,Food,Salmonella enterica; Campylobacter; Salmonella enterica,Enteritidis; ; Typhimurium,Confirmed; Confirmed; Suspected,Caterer (food prepared off-site from where served),31,1,31,0,31,"liver, chicken","egg; liver, chicken; vidalia onion",Multiple,,,,,
2020,1,Pennsylvania,Food,Campylobacter unknown,,Suspected,Private home/residence,3,0,3,0,3,"milk, unpasteurized","milk, unpasteurized",Dairy,,,,,
2020,2,Washington,Food,Campylobacter jejuni,,Confirmed,Restaurant - Sit-down dining,25,1,25,0,25,chicken liver pate,"pate, chicken liver",Chicken,,,,,
2019,6,Idaho,Animal Contact,Campylobacter,,Suspected,,2,1,2,0,2,,,,,,Sheep or goats,Goat,
2020,12,Colorado,Animal Contact,Campylobacter jejuni,,Confirmed,,2,0,2,0,2,,,,,,Dog or Puppy,,
2020,12,North Carolina,Food,Campylobacter coli,,Confirmed,Other,35,1,35,0,35,chicken liver pate,,Chicken,,,,,
2020,12,Idaho,Animal Contact,Campylobacter unknown,,Suspected,,2,0,2,0,2,,,,,,Baby chick or duckling,,